<?xml version="1.0" encoding="utf-8"?>
<BIBLIOTECA>
    <LIBRO>
        <TITULO>A Semantic Web Primer. Cambridge, MA: MIT Press</TITULO>
        <AUTOR>Antoniou, G. and F. van Harmelen</AUTOR>
        <AÑO>2004</AÑO>
    </LIBRO>
    <LIBRO>
        <TITULO>The Semantic Web: A Guide to the Future of XML, Web Services, and Knowledge Management. New York: Wiley</TITULO>
        <AUTOR>Daconts, M.C., L.J. Orbst, and K.T. Smith</AUTOR>
        <AÑO>2003</AÑO>
    </LIBRO>
</BIBLIOTECA>
