<?xml version="1.0" encoding="UTF-8"?>
<calificaciones>
  <profesor>Juan Diego Pérez</profesor>
   <asignatura1>Lenguaje de Marca</asignatura1>
    <estudiantes>
      <estudiante1>
        <nombre>Ricardo Lucas >Fernandez</nombre>
      </estudiante1>
      <estudiante2>
        <nombre>Raúl Barquilla Cruz</nombre>
      </estudiante2>
      <estudiante3>
        <nombre>Javier Pérez Vega</nombre>
      </estudiante3>
      <estudiante4>
        <nombre>Adrian Soto Rodriguez</nombre>
      </estudiante4>
      <estudiante5>
        <nombre>Pablo Lucas Fernández</nombre>
      </estudiante5>
      <estudiante6>
        <nombre>Juan Fernández León</nombre>
      </estudiante6>
      <estudiante7>
        <nombre>Antonia Fernández León</nombre>
      </estudiante7>
      <estudiante8>
        <nombre>Jorge Batuecas Juanes</nombre>
      </estudiante8>
      <estudiante9>
        <nombre>Jose Fernando Lucas Mata</nombre>
      </estudiante9>
      <estudiante10>
        <nombre>Pepito Grillo Moreno</nombre>
      </estudiante10>

    </estudiantes>
   <asignatura2>Gestion de Base de Datos</asignatura2>
    <estudiantes>
     <estudiante1>
       <nombre>Ricardo Lucas >Fernandez</nombre>
     </estudiante1>
     <estudiante2>
       <nombre>Raúl Barquilla Cruz</nombre>
     </estudiante2>
     <estudiante3>
       <nombre>Javier Pérez Vega</nombre>
     </estudiante3>
     <estudiante4>
       <nombre>Adrian Soto Rodriguez</nombre>
     </estudiante4>
     <estudiante5>
       <nombre>Pablo Lucas Fernández</nombre>
     </estudiante5>
     <estudiante6>
       <nombre>Juan Fernández León</nombre>
     </estudiante6>
     <estudiante7>
       <nombre>Antonia Fernández León</nombre>
     </estudiante7>
     <estudiante8>
       <nombre>Jorge Batuecas Juanes</nombre>
     </estudiante8>
     <estudiante9>
       <nombre>Jose Fernando Lucas Mata</nombre>
     </estudiante9>
     <estudiante10>
       <nombre>Pepito Grillo Moreno</nombre>
     </estudiante10>
  </estudiantes>
</calificaciones>
