<?xml version="1.0" encoding="UTF-8"?>
<ruta_Sevilla>
 <nombre_ruta>San Bernardo-Parque de los Principes</nombre_ruta>
  <horario>
   <parada1>Prado de San Sebastian</parada1>
    <hora_salida>8:00</hora_salida>
    <hora_llegada>8:05</hora_llegada>
   <parada2>Puerta Jerez</parada2>
    <hora_salida>8:05</hora_salida>
    <hora_llegada>8:12</hora_llegada>
   <parada3>Plaza de Cuba</parada3>
    <hora_salida>8:12</hora_salida>
    <hora_llegada>8:20</hora_llegada>
   <parada4>Parque de los Principes</parada4>
     <hora_salida>8:20</hora_salida>
     <hora_llegada>8:25</hora_llegada>
  </horario>
</ruta_Sevilla>
